source_id,title,doc_type,author_or_issuer,doc_date,received_date,file_path,file_format,pages,sha256,derived_from,ocr_status,ocr_confidence,legibility_notes,custodian,bates_range,docket_no,exhibit_no,authenticity_status,privilege_status,access_status,notes
SRC-001,First Amended Verified Complaint for Injunctive Relief Declaratory Relief and Damages,pleading,"Christopher Carrelha and Kelsey Carrelha, pro se",2026-08-UNVERIFIED,2026-09-21,n/a,google-doc,UNVERIFIED,n/a,n/a,native-text,high,"Clean text. Signature blocks and verification date read as unfilled template placeholders (\""this Date day of August\""; \""By: Person\"")",Client Google Drive,n/a,UNVERIFIED,n/a,party-created,none,full,"ORIGINAL held in client Google Drive, file id 1txkfq-5qGkBrQBW0ZtkBDUPe9MPp7uQ00zhXEGwi1a8; read in full; not downloaded or modified. Whether this document was ever filed with the court is NOT established by any source in this manifest."
SRC-002,"ORDER, Doc. 34 (denying remand; denying PI and oral hearing as moot; 60-day foreclosure notice requirement)",order,"Hon. Richard W. Story, U.S. District Judge",2026-07-20,2026-09-21,n/a,text,26,n/a,n/a,native-text,high,Clean text derived from the court's PDF,Client Google Drive,n/a,34,n/a,self-authenticating,none,full,"ORIGINAL held in client Google Drive, file id 1YC0JEnDo7CnzKnF0G3IDiwG0a4cEkZXV; read in full; not downloaded or modified."
SRC-003,"ORDER, Doc. 35 (shotgun pleading; directing amended complaint by 8/21/26; MTDs denied as moot)",order,"Hon. Anna W. Howard, U.S. Magistrate Judge",2026-07-31,2026-09-21,n/a,text,9,n/a,n/a,native-text,high,Clean text derived from the court's PDF,Client Google Drive,n/a,35,n/a,self-authenticating,none,full,"ORIGINAL held in client Google Drive, file id 1nzwhD-DVwjm2B815UkgxNuhBQ4CRBkqM; read in full; not downloaded or modified."
SRC-004,Plaintiffs' First Requests for Production to All Defendants (Fed. R. Civ. P. 34),motion,"Christopher J. Carrelha and Kelsey D. Carrelha, pro se",2026-08-19,2026-09-21,n/a,docx,UNVERIFIED,n/a,n/a,native-text,medium,Only the leading portion (instructions and Requests 1-18) was read; the remainder was not retrieved,Client Google Drive,n/a,n/a,n/a,party-created,none,partial,"ORIGINAL held in client Google Drive, file id 1JHPrz-EtMPq_1BPCmku_6hbImdvtnscq. Caption includes LENDAGE, LLC as a defendant. Instruction B refers to conferring on form of production AT the Rule 26(f) conference, i.e. in the future as of the document's date. Whether these requests were served is not established."
SRC-005,"Letter, Shellpoint (Bryan Dewhurst, Compliance) to C. Carrelha re CFPB Complaint 260302-29444848",correspondence,NewRez LLC d/b/a Shellpoint Mortgage Servicing,2026-03-02,2026-09-21,n/a,text,UNVERIFIED,n/a,n/a,native-text,high,Clean text,Client Google Drive,n/a,n/a,43 (per SRC-001 para. reference),produced-by-opponent,none,full,"ORIGINAL held in client Google Drive, file id 1pYMUhG1xnL6o_Gx5x799D16DbmnyinYG. Enclosures listed: Fraud Package; January 16 2026 response; payment history."
SRC-006,"Loan History Statement, Loan ID 1030418553, printed 03/10/2026",ledger,NewRez LLC d/b/a Shellpoint Mortgage Servicing,2026-03-10,2026-09-21,n/a,text,5,n/a,n/a,native-text,medium,"Text is native but the printed table is space-aligned; several rows omit columns, so some column assignments are not unambiguous on the face",Client Google Drive,n/a,n/a,15 (per matter schedules),produced-by-opponent,none,full,Transmitted within the same Drive text object as SRC-005 (file id 1pYMUhG1xnL6o_Gx5x799D16DbmnyinYG). PRINT DATE 03/10/2026 POSTDATES the 03/02/2026 letter that lists a payment history as an enclosure - these may not be the same document.
SRC-007,2026-03-16_SHELLPOINT_loan_ledger_2.xlsx (annotated ledger with RED FLAGS column),other,"Unattributed - annotations appear to be litigant/analyst work product, not the servicer's",2026-03-16,2026-09-21,n/a,xlsx,UNVERIFIED,n/a,SRC-006,native-text,medium,Only the leading rows were read via preview,Client Google Drive,n/a,n/a,n/a,party-created,needs-review,partial,"ORIGINAL held in client Google Drive, file id 1Z7KvhDDsWndJ4OgoE-8K3UL7CPg8pSAT. NOT a servicer record: it reproduces SRC-006 data with an added 'RED FLAGS' commentary column. Must never be cited as the servicer's ledger."
SRC-008,CourtListener RECAP docket record for docket id 73194013,docket-sheet,CourtListener (Free Law Project),2026-09-21,2026-09-21,n/a,json,n/a,n/a,n/a,native-text,high,n/a,CourtListener API,n/a,n/a,n/a,unauthenticated,none,partial,Carries case metadata only. recap_documents is empty and the docket-entries endpoint returns count 0. Establishes nothing about what has been filed.
SRC-010,Verbatim extract of Doc. 34 operative passages,order,"Extract of SRC-002 (Story, J.)",2026-07-20,2026-09-21,03-sources/raw/SRC-010-extract-doc34-order.txt,text,n/a,31ca682329032a9325e98118a25982f9d20da099a20f1a7f38a80ba0277aa404,SRC-002,native-text,high,Partial extract - passages relied on only,working copy,n/a,34,n/a,self-authenticating,none,full,Page cites are to the order's own pagination.
SRC-011,Verbatim extract of Doc. 35 operative passages,order,"Extract of SRC-003 (Howard, M.J.)",2026-07-31,2026-09-21,03-sources/raw/SRC-011-extract-doc35-order.txt,text,n/a,8dc185fdef23ec7984c05afdf46499ebff81d57c57aae841e6f16b6c92e555c7,SRC-003,native-text,high,Partial extract - passages relied on only,working copy,n/a,35,n/a,self-authenticating,none,full,Page cites are to the order's own pagination.
SRC-012,Verbatim extract of the 3/2/2026 Shellpoint CFPB response,correspondence,Extract of SRC-005,2026-03-02,2026-09-21,03-sources/raw/SRC-012-extract-cfpb-response.txt,text,n/a,43ef21df589452b4597570da30e59824709596cb6532f74eb352df5c418c64eb,SRC-005,native-text,high,Partial extract - operative paragraphs and notices,working copy,n/a,n/a,n/a,produced-by-opponent,none,full,n/a
SRC-013,Verbatim transcription of the Shellpoint Loan History Statement transaction table,ledger,Extract of SRC-006,2026-03-10,2026-09-21,03-sources/raw/SRC-013-extract-loan-history.txt,text,5,ede57d06c5208ec2d0daca1e8bcd705c8cd2f871db51ca5baf7e105fe6d714bf,SRC-006,native-text,medium,Column assignments marked [COL?] where the print-out is ambiguous; those figures are not verified,working copy,n/a,n/a,n/a,produced-by-opponent,none,full,All 5 pages of transactions transcribed in printed order plus the totals block.
SRC-014,Extract of the CourtListener docket record,docket-sheet,Extract of SRC-008,2026-09-21,2026-09-21,03-sources/raw/SRC-014-extract-courtlistener-docket.txt,text,n/a,8989a6fa613784245ef0e2b9095534416266648c6eaf6672a3c92dcbf6a99210,SRC-008,native-text,high,n/a,working copy,n/a,n/a,n/a,unauthenticated,none,partial,Records the empty recap_documents and zero docket-entries result.
SRC-020,"PLAINTIFFS' FIRST AMENDED COMPLAINT AND DEMAND FOR JURY TRIAL (16 counts, continuous numbering)",pleading,"Christopher J. Carrelha and Kelsey D. Carrelha, pro se",2026-08-19,2026-09-21,n/a,markdown,UNVERIFIED,n/a,,native-text,high,Clean markdown. Escaped-hash headings and escaped paragraph numbers throughout.,Client Google Drive,n/a,UNVERIFIED,n/a,party-created,none,full,"ORIGINAL held in client Google Drive, file id 1DPxNmTRYWMKTVgkK1toN6lC3t9k7XLne, 93,675 chars, modified 2026-09-16; read in full; not downloaded or modified. A DIFFERENT AND LATER DOCUMENT FROM SRC-001 - see SRC-021. Whether either was filed is NOT established."
SRC-021,Verbatim extract of the 16-count First Amended Complaint,pleading,Extract of SRC-020,2026-08-19,2026-09-21,03-sources/raw/SRC-021-extract-fac-v2.txt,text,n/a,383a06b755168e43f8d5a9868f5676ab0cd4be5b2e8c01094448f0a1d91fd93e,SRC-020,native-text,high,"Partial extract - caption, PP 2-3, count headings, incorporation samples, PP 17-32, 37, 42, 116-117",working copy,n/a,UNVERIFIED,n/a,party-created,none,full,Paragraph numbers are the pleading's own.
SRC-022,"DBRS Morningstar press release - provisional ratings, FREED Mortgage Trust 2022-HE1",agency-record,"DBRS, Inc. (Morningstar DBRS)",2022-11-08,2026-09-21,n/a,pdf,10,n/a,,native-text,high,Clean web-to-PDF capture retrieved 2026-07-25,Client Google Drive,n/a,n/a,9 (per SRC-021 P21),unauthenticated,none,partial,"ORIGINAL held in client Google Drive, file id 1F0E3pPM7UfnshgujD_RbKIe9AlIXBufv. Leading portion read; the retrieved text truncates mid-sentence in the product description. A RATING-AGENCY PRESS RELEASE, not a PSA and not a mortgage loan schedule."
SRC-023,Verbatim extract of the DBRS FREED 2022-HE1 press release,agency-record,Extract of SRC-022,2022-11-08,2026-09-21,03-sources/raw/SRC-023-extract-dbrs-freed-2022he1.txt,text,n/a,f54993c7f03d40e2589ec0b56c1760d9ca4802969741bcbb71a781a9a1b1257e,SRC-022,native-text,high,Partial extract with an explicit statement of what the source does and does not establish,working copy,n/a,n/a,9,unauthenticated,none,partial,n/a
SRC-024,File named '20260416-SHELLPOINT- 5200 on Ledger.pdf' (page 3 of 5 of the Loan History Statement),ledger,NewRez LLC d/b/a Shellpoint Mortgage Servicing (scan annotated by an unknown hand),2026-01-16,2026-09-21,n/a,pdf,1,n/a,SRC-006,ocr-uncertain,low,"Heavily degraded OCR: '$1.249.01' for '$1,249.01', '50.00' for '$0.00', '$10,467.84' vs SRC-013's '$10,467.64', 'Pria Servic' for 'PriorServicer'",Client Google Drive,n/a,n/a,n/a,produced-by-opponent,none,full,"ORIGINAL held in client Google Drive, file id 19nxbSSUH_cHaUy6C_I__lvIvjwvLGJbO. Print timestamp OCRs as 'OV16/2026 4:29:59PM' = 01/16/2026, matching the Witt Letter enclosure date, NOT the 03/10/2026 print at SRC-006. Bears the annotation 'do these'."
SRC-025,Note on the file named '5200 on Ledger' - negative finding,ledger,Extract of SRC-024,2026-01-16,2026-09-21,03-sources/raw/SRC-025-extract-5200-named-file.txt,text,n/a,1073a32fbe3536939f1b34b1564e21eafc96d424cacc16e467382817c58d66c0,SRC-024,native-text,high,"Records that no $5,200 entry appears in a file whose name asserts one does",working copy,n/a,n/a,n/a,produced-by-opponent,none,full,"Also records that SRC-024 is a 01/16/2026 print while SRC-006 is a 03/10/2026 print of the same statement - two prints, different dates."
SRC-030,"Anderson Playbook - Version 2 (markdown and PDF, 67 pp.)",work-product-client,,2026-08-20,,n/a,,,,,n/a,,,client,,,,UNVERIFIED,work-product-claimed,full,"Prepared by the pro se plaintiff, partly from other AI tools (it names 'Perplexity's second intelligence memo'). NOT a court record and NOT verified authority. Its own Section 21 corrects earlier versions. Every proposition taken from it must be independently verified; two central ones have now been checked and FAILED - see CV-020 and CV-021."
SRC-031,Anderson Playbook - QuickRef Card v2,work-product-client,,2026-08-20,,n/a,,,,,n/a,,,client,,,,UNVERIFIED,work-product-claimed,full,"Two-page distillation of SRC-030. Contains a fact imported from a different matter: it instructs pleading that the chain 'terminates before reaching Fannie Mae REMIC Trust 2024-91', which is the Caudell trust, not any entity asserted in this loan. See CON-009."
SRC-032,"Keith Anderson - Docket Analysis, 50 Most Recent Federal Cases",work-product-client,,2026-05-03,,n/a,,,,,n/a,,,client,,,,UNVERIFIED,work-product-claimed,full,States the case number as 2:26-cv-00110-SCJ-AWH and describes Bradley Arant as 'fka McCalla Raymer Leibert Pierce'. Both are contradicted by later verified sources. See CON-010 and CON-011.
SRC-033,"Opposition Intelligence Report - Keith Steven Anderson, 164 Cases Analyzed",work-product-client,,2026-05-03,,n/a,,,,,n/a,,,client,,,,UNVERIFIED,work-product-claimed,full,Asserts Anderson 'previously practiced at McCalla Raymer Leibert Pierce'. SRC-030 expressly retracts this. See CON-011.
SRC-034,Anderson Anti-Remand Playbook - Pattern Analysis and Reply Strategy,work-product-client,,2026-08-19,,n/a,,,,,n/a,,,client,,,,UNVERIFIED,work-product-claimed,full,"Remand-stage analysis. Superseded in outcome: remand was denied by Doc. 34 on 2026-07-20. Retained for its catalogue of Anderson's removal arguments, each still unverified."
SRC-035,Anderson Playbook Related Authority Supplement No. 2,work-product-client,,2026-06-20,,n/a,,,,,n/a,,,client,,,,UNVERIFIED,work-product-claimed,full,"Lists Anderson's claimed Georgia wins. Carley v. Seterus, 1:16-cv-02184 (N.D. Ga.) is VERIFIED to exist on the stated docket number. The remainder are unverified."
SRC-036,CourtListener RECAP verification set retrieved 2026-09-21,court-record,,2026-09-21,,n/a,,,,,n/a,,,CourtListener,,,,verified-public-record,public,full,"Retrieved directly from CourtListener this session: the Carrelha docket (73194013), 69 N.D. Ga. dockets carrying a Keith Anderson attorney appearance, 699 N.D. Ga. dockets referred to Magistrate Judge Howard, 117 Judge Story mortgage dockets, and the Caudell v. NewRez docket (72155129) including the verbatim text of Doc. 17."
