request_id,instrument,directed_to,text,serves_claim_ids,serves_element,closes_gap_ids,resolves_contradiction_ids,why_this_party,expected_yield,impact_if_produced,impact_if_refused,anticipated_objections,objection_response,narrowed_from,priority,phase,gate_status,confidence,notes
RFP-01,document-request,ENT-004,"All documents concerning the receipt, application, reversal and non-application of the four payments of $1,899.56 received on or about May 2, May 10, May 17 and June 18, 2025, including cash-application records, system notes, return or NSF notices received from any depositary institution, and all documents reflecting the reason for each reversal entry.",CLM-001,RESPA covered error - failure to apply a payment,GAP-014,,Shellpoint was the servicer of record from 07/07/2024 and generated every one of these ledger entries.,Cash-application detail and any actual return notices.,"If no return notice exists for any tender, three NSF reversals become indefensible and the retained 05/17/25 tender becomes a clean RESPA payment-application error.","A refusal, or a production with no return notices, is itself strong: the NSF entries each show $0.00 and nothing corroborates an actual return.",Relevance; burden,Narrowly bounded to four identified transactions over an eight-week window against a defendant that generated them. Burden is minimal.,An earlier draft sought 'all payment records'; narrowed to four identified tenders.,1,1,GATE-UNVERIFIED,high,THE HIGHEST-VALUE REQUEST IN THE PLAN. It targets the matter's strongest documented fact.
ROG-01,interrogatory,ENT-004,"For each of the three entries designated 'NSF Fee Assessment' dated May 8, May 15 and June 25, 2025, state whether the corresponding payment was returned unpaid by any depositary institution, identify the institution and the return reason code, and state why each such entry was recorded in the amount of $0.00.",CLM-001;CLM-003,RESPA covered error; FDCPA false representation,GAP-014,,Only the servicer knows why its own system recorded an NSF event with no charge.,A sworn answer that either identifies a real return or concedes there was none.,A concession that no payment was returned converts the ledger into evidence of misapplication.,An evasive or qualified answer is usable on its own.,Compound; calls for a legal conclusion,Not compound - three parallel factual sub-parts about three identified entries. No legal conclusion is sought.,,1,2,GATE-UNVERIFIED,high,"Paired deliberately with RFP-01: the document request may produce nothing if no return notice exists, and the sworn answer cannot."
RFP-02,document-request,ENT-004,"All documents concerning the ownership of the Loan from July 21, 2022 to the present, including the instrument by which MEB Loan Trust VIII acquired any interest, all investor reporting for the Loan, and all records reflecting the entry of investor information into the MERS system for MIN 1015066-5000019200-2.",CLM-007;CLM-009,Ownership and authority to enforce,GAP-019;GAP-020,CON-008,Shellpoint populates the registry investor field and told Plaintiffs in writing that MEB is the owner.,The acquisition instrument and the registry audit trail.,Resolves the FREED-versus-MEB inconsistency in the defendants' own records.,A refusal on a point the defendant itself put in writing is difficult to sustain and is usable.,Relevance - Defendants will argue ownership is irrelevant because Plaintiffs lack standing to challenge the assignment.,The request does not challenge the assignment. It asks the defendants to reconcile two of their OWN inconsistent records - which goes to the reliability of the records underlying every figure in the case.,An earlier draft sought the full securitization file; narrowed to this loan's ownership records.,1,1,GATE-UNVERIFIED,high,"Framing matters here. Ask as a records-reliability question, not as a chain-of-title attack."
TOPIC-01,30b6-topic,ENT-004,"The meaning and application of each transaction code, reversal code, flag and money-type designation appearing on the account history for loan number 1030418553, including the circumstances in which a 'Principal Only Payment' entry may carry a negative amount, the circumstances in which an 'NSF Fee Assessment' may be recorded in the amount of $0.00, and the order in which funds are applied.",CLM-001,RESPA covered error; the meaning of the ledger itself,GAP-010;GAP-015,CON-003,Only the servicer can bind itself to what its own codes mean.,Testimony binding Shellpoint on the ledger's own vocabulary.,"Resolves whether the negative 'Principal Only Payment' entries of 11/16/2022 and 02/09/2023 are draws, corrections, or something else - currently [UNRESOLVED] and currently the subject of a WRONG annotation in the client's own file.",An unprepared witness on a properly noticed topic is a sanctionable failure to prepare and is sometimes the more useful outcome.,Overbreadth,Bounded to one loan's account history and three identified code behaviours.,,1,5,GATE-UNVERIFIED,high,A document request for 'the code key' may produce nothing if no such document exists. This topic does not have that gap.
SUBP-01,subpoena,ENT-001,"All records for the depositary account from which payments to loan number 1030418553 were tendered between April 1 and July 31, 2025, including statements, ACH debit records, and any return or reversal notices.",CLM-001;CLM-003,Whether the four 2025 tenders cleared,GAP-014,,This is Plaintiffs' OWN bank. No subpoena may even be necessary - the client can request the records directly.,Bank records showing whether each tender cleared.,"If the tenders cleared and were never returned, the three NSF reversals are directly contradicted by a neutral third party.",n/a - Plaintiffs control the request.,None,n/a,,1,0,GATE-UNVERIFIED,high,"PHASE 0 - obtainable without discovery, from the client's own bank. Listed as a subpoena only as a fallback. This should happen this week regardless of the discovery gate."
RFA-01,request-for-admission,ENT-004,"Admit that the payment of $1,899.56 recorded as received on May 17, 2025 was not returned unpaid by any depositary institution.",CLM-001,RESPA covered error,GAP-014,,Shellpoint recorded the entry and did not reverse it.,"An admission, or a denial that is impeachable by the bank records.",An admission removes the innocent explanation from the strongest fact in the matter.,A denial sets up impeachment once SUBP-01 returns.,"None substantial - single fact, plainly relevant.",n/a,,2,4,GATE-UNVERIFIED,high,Deliberately addressed to the ONE tender that was never reversed. Single-fact so it cannot draw a qualified denial.
RFP-03,document-request,ENT-004,"All Notices of Error, Requests for Information and Qualified Written Requests received concerning the Loan, all acknowledgments and substantive responses, and the policies and procedures identifying Shellpoint's designated address for error resolution in effect from July 7, 2024 to the present.",CLM-001,RESPA - whether a qualifying notice was received at the designated address,GAP-003,,Shellpoint is the recipient and the author of the acknowledgments alleged.,"The inquiries as Shellpoint received them, and the designated-address policy.",Closes the gap that currently makes Counts I-III likely to be dismissed.,"A refusal, after the pleading asserts thirteen acknowledgments, is untenable.",Overbreadth as to policies,"Bounded to the designated-address policy only, and to the period of this defendant's servicing.",,1,1,GATE-UNVERIFIED,high,Counts I-III currently fail on this element. This request and the client's own sent file are the two routes to closing it.
RFP-04,document-request,ENT-005,"All documents concerning the entry dated September 26, 2023 reversing the $10,000.00 principal payment posted September 15, 2023, and all documents concerning the $855.00 received September 26, 2023 and removed from unapplied funds on October 11, 2023, including reason codes, system notes and any communication with Plaintiffs.",CLM-001;CLM-004,RESPA covered error during SLS's tenure,GAP-015;GAP-016,,Both entries are marked 'PriorServicer' on the ledger and occurred during SLS's servicing tenure.,The reason codes the ledger omits.,"Explains two unexplained reversals, or establishes that no reason was recorded.",A refusal on the ground that SLS merged into NewRez does not answer where the records went.,Party status - Defendants contend SLS merged into NewRez in May 2024 and is not separately suable.,"Directed to SLS and, in the alternative, to NewRez as its successor. The merger is Defendants' own assertion; a successor holds the predecessor's records.",,2,1,GATE-UNVERIFIED,medium,Note that these are SLS-era events. The pleading currently misattributes the $855 to Shellpoint - see PD-07.
SUBP-02,subpoena,ENT-019,"All documents concerning the employment offer extended to Christopher J. Carrelha, its rescission, and any consumer report or background screening obtained in connection with it, including any adverse action notice.",CLM-002;CLM-006,FCRA actual damages; wrongful foreclosure special damages,GAP-008,,Mercer Advisors and its screening vendor are the only sources for whether a consumer report was pulled and what it showed.,"The offer, the rescission, and any adverse-action notice.","Converts the largest damages figure in the case from an allegation into a documented loss, and supplies the causal link the FCRA count needs.","If no consumer report was pulled, the causation theory collapses - which is worth knowing before it is pleaded again.",Third-party burden; confidentiality,"Narrow, single-candidate scope; a protective order can be offered.",,1,3,GATE-UNVERIFIED,high,The single largest damages figure in the matter rests entirely on an allegation. Third parties are slow - start early.
